<?xml version="1.0" encoding="utf-16"?>
<Plays>
  <Play Title="A Raisin in the Sun" Duration="01:40:00" Rating="5.4" Genre="Drama">
    <Actors>
      <Actor FullName="Tobin Tamburi" MainCharacter="Plays main character in 'A Raisin in the Sun'." />
      <Actor FullName="Marcello Brothers" MainCharacter="Plays main character in 'A Raisin in the Sun'." />
      <Actor FullName="Dorian Wickins" MainCharacter="Plays main character in 'A Raisin in the Sun'." />
    </Actors>
  </Play>
  <Play Title="Awake and Sing" Duration="02:41:00" Rating="3.8" Genre="Drama">
    <Actors>
      <Actor FullName="Jamey Medgwick" MainCharacter="Plays main character in 'Awake and Sing'." />
      <Actor FullName="Hersh Birdis" MainCharacter="Plays main character in 'Awake and Sing'." />
      <Actor FullName="Elke Kavanagh" MainCharacter="Plays main character in 'Awake and Sing'." />
    </Actors>
  </Play>
  <Play Title="Candida" Duration="02:21:00" Rating="6.5" Genre="Romance">
    <Actors>
      <Actor FullName="Vincenty Dodsworth" MainCharacter="Plays main character in 'Candida'." />
      <Actor FullName="Rochette Polleye" MainCharacter="Plays main character in 'Candida'." />
      <Actor FullName="Jefferson Chell" MainCharacter="Plays main character in 'Candida'." />
      <Actor FullName="Currey Le Frank" MainCharacter="Plays main character in 'Candida'." />
    </Actors>
  </Play>
  <Play Title="Fences" Duration="03:20:00" Rating="4.7" Genre="Musical">
    <Actors>
      <Actor FullName="Si Grigoryev" MainCharacter="Plays main character in 'Fences'." />
      <Actor FullName="Reinold Paddemore" MainCharacter="Plays main character in 'Fences'." />
      <Actor FullName="Farleigh Pascho" MainCharacter="Plays main character in 'Fences'." />
      <Actor FullName="Cornie Schottli" MainCharacter="Plays main character in 'Fences'." />
      <Actor FullName="Bendick Trorey" MainCharacter="Plays main character in 'Fences'." />
      <Actor FullName="Alphonso Fulcher" MainCharacter="Plays main character in 'Fences'." />
    </Actors>
  </Play>
  <Play Title="Hamlet" Duration="02:11:00" Rating="4.1" Genre="Comedy">
    <Actors>
      <Actor FullName="Tricia Lantry" MainCharacter="Plays main character in 'Hamlet'." />
      <Actor FullName="Steven Lanfer" MainCharacter="Plays main character in 'Hamlet'." />
      <Actor FullName="Rycca Klimkov" MainCharacter="Plays main character in 'Hamlet'." />
      <Actor FullName="Edouard Idle" MainCharacter="Plays main character in 'Hamlet'." />
      <Actor FullName="Devy Everest" MainCharacter="Plays main character in 'Hamlet'." />
      <Actor FullName="Ashli Thurstance" MainCharacter="Plays main character in 'Hamlet'." />
    </Actors>
  </Play>
  <Play Title="Hedda Gabler" Duration="03:50:00" Rating="1" Genre="Musical">
    <Actors>
      <Actor FullName="Shirlene Canedo" MainCharacter="Plays main character in 'Hedda Gabler'." />
      <Actor FullName="Rhianna McLurg" MainCharacter="Plays main character in 'Hedda Gabler'." />
      <Actor FullName="Maisie Hymas" MainCharacter="Plays main character in 'Hedda Gabler'." />
      <Actor FullName="Colet Biernat" MainCharacter="Plays main character in 'Hedda Gabler'." />
      <Actor FullName="Clement Pykett" MainCharacter="Plays main character in 'Hedda Gabler'." />
      <Actor FullName="Branden Drewe" MainCharacter="Plays main character in 'Hedda Gabler'." />
      <Actor FullName="Anastasie McNally" MainCharacter="Plays main character in 'Hedda Gabler'." />
    </Actors>
  </Play>
  <Play Title="Life With Father" Duration="04:21:00" Rating="Premier" Genre="Comedy">
    <Actors>
      <Actor FullName="Tyson Antonellini" MainCharacter="Plays main character in 'Life With Father'." />
      <Actor FullName="Smitty Beaty" MainCharacter="Plays main character in 'Life With Father'." />
      <Actor FullName="Sigismondo Pettiford" MainCharacter="Plays main character in 'Life With Father'." />
      <Actor FullName="Monroe Spraggon" MainCharacter="Plays main character in 'Life With Father'." />
      <Actor FullName="Mabel Belfit" MainCharacter="Plays main character in 'Life With Father'." />
      <Actor FullName="Ingaborg Oakenfield" MainCharacter="Plays main character in 'Life With Father'." />
      <Actor FullName="Evita Ridler" MainCharacter="Plays main character in 'Life With Father'." />
      <Actor FullName="Aurore Blazej" MainCharacter="Plays main character in 'Life With Father'." />
      <Actor FullName="Andriana Joskowicz" MainCharacter="Plays main character in 'Life With Father'." />
      <Actor FullName="Alica O'Hanley" MainCharacter="Plays main character in 'Life With Father'." />
      <Actor FullName="Alexine Rickhuss" MainCharacter="Plays main character in 'Life With Father'." />
    </Actors>
  </Play>
  <Play Title="Look Back in Anger" Duration="01:50:00" Rating="5.3" Genre="Musical">
    <Actors>
      <Actor FullName="Silvana Flegg" MainCharacter="Plays main character in 'Look Back in Anger'." />
      <Actor FullName="Kessia Oliphant" MainCharacter="Plays main character in 'Look Back in Anger'." />
      <Actor FullName="Ganny Kenrick" MainCharacter="Plays main character in 'Look Back in Anger'." />
      <Actor FullName="Fonsie Soughton" MainCharacter="Plays main character in 'Look Back in Anger'." />
      <Actor FullName="Brock Palle" MainCharacter="Plays main character in 'Look Back in Anger'." />
      <Actor FullName="Bartholomeus Pentecust" MainCharacter="Plays main character in 'Look Back in Anger'." />
      <Actor FullName="Agatha Tomashov" MainCharacter="Plays main character in 'Look Back in Anger'." />
    </Actors>
  </Play>
  <Play Title="Mission Drift" Duration="03:21:00" Rating="7.1" Genre="Comedy">
    <Actors>
      <Actor FullName="Odilia Jasiak" MainCharacter="Plays main character in 'Mission Drift'." />
      <Actor FullName="Nathalie Neiland" MainCharacter="Plays main character in 'Mission Drift'." />
      <Actor FullName="Nance Pollie" MainCharacter="Plays main character in 'Mission Drift'." />
    </Actors>
  </Play>
  <Play Title="Oedipus Rex" Duration="01:13:00" Rating="7.2" Genre="Musical">
    <Actors>
      <Actor FullName="Oralle Bladder" MainCharacter="Plays main character in 'Oedipus Rex'." />
      <Actor FullName="Grover Petherick" MainCharacter="Plays main character in 'Oedipus Rex'." />
      <Actor FullName="Dedie Northcote" MainCharacter="Plays main character in 'Oedipus Rex'." />
      <Actor FullName="Abbi Sandwich" MainCharacter="Plays main character in 'Oedipus Rex'." />
    </Actors>
  </Play>
  <Play Title="Playboy of the Western World" Duration="03:21:00" Rating="6.1" Genre="Comedy">
    <Actors>
      <Actor FullName="Vonny Henlon" MainCharacter="Plays main character in 'Playboy of the Western World'." />
      <Actor FullName="Traci Burgis" MainCharacter="Plays main character in 'Playboy of the Western World'." />
      <Actor FullName="Heidie Pudsey" MainCharacter="Plays main character in 'Playboy of the Western World'." />
      <Actor FullName="Durand Rapper" MainCharacter="Plays main character in 'Playboy of the Western World'." />
      <Actor FullName="Darryl Shobbrook" MainCharacter="Plays main character in 'Playboy of the Western World'." />
      <Actor FullName="Chilton D'Ambrogi" MainCharacter="Plays main character in 'Playboy of the Western World'." />
      <Actor FullName="Brod Doy" MainCharacter="Plays main character in 'Playboy of the Western World'." />
    </Actors>
  </Play>
  <Play Title="Stuff Happens" Duration="03:10:00" Rating="6.3" Genre="Comedy">
    <Actors>
      <Actor FullName="Xenia Osipov" MainCharacter="Plays main character in 'Stuff Happens'." />
      <Actor FullName="Ernaline Gayforth" MainCharacter="Plays main character in 'Stuff Happens'." />
      <Actor FullName="Emily Crawforth" MainCharacter="Plays main character in 'Stuff Happens'." />
    </Actors>
  </Play>
  <Play Title="Tartuffe" Duration="02:45:00" Rating="Premier" Genre="Drama">
    <Actors>
      <Actor FullName="Salaidh Dedon" MainCharacter="Plays main character in 'Tartuffe'." />
      <Actor FullName="Linnea Edgeley" MainCharacter="Plays main character in 'Tartuffe'." />
      <Actor FullName="Celine Kerwick" MainCharacter="Plays main character in 'Tartuffe'." />
      <Actor FullName="Carley Lomansey" MainCharacter="Plays main character in 'Tartuffe'." />
    </Actors>
  </Play>
  <Play Title="The Importance of Being" Duration="04:21:00" Rating="1.3" Genre="Musical">
    <Actors>
      <Actor FullName="Wylma Tillerton" MainCharacter="Plays main character in 'The Importance of Being'." />
      <Actor FullName="Raymund Odlin" MainCharacter="Plays main character in 'The Importance of Being'." />
      <Actor FullName="Mattie GiacobbiniJacob" MainCharacter="Plays main character in 'The Importance of Being'." />
    </Actors>
  </Play>
  <Play Title="Three Kingdoms" Duration="02:55:00" Rating="6.1" Genre="Drama">
    <Actors>
      <Actor FullName="Yettie Copping" MainCharacter="Plays main character in 'Three Kingdoms'." />
      <Actor FullName="Marni Sellack" MainCharacter="Plays main character in 'Three Kingdoms'." />
      <Actor FullName="Cosetta Mauditt" MainCharacter="Plays main character in 'Three Kingdoms'." />
      <Actor FullName="Cindelyn Mance" MainCharacter="Plays main character in 'Three Kingdoms'." />
    </Actors>
  </Play>
  <Play Title="Uncle Vanya" Duration="03:10:00" Rating="Premier" Genre="Drama">
    <Actors>
      <Actor FullName="Zorana Kitcat" MainCharacter="Plays main character in 'Uncle Vanya'." />
      <Actor FullName="Torrin Darke" MainCharacter="Plays main character in 'Uncle Vanya'." />
      <Actor FullName="Jocelyne Dartnell" MainCharacter="Plays main character in 'Uncle Vanya'." />
      <Actor FullName="Alair Cattonnet" MainCharacter="Plays main character in 'Uncle Vanya'." />
      <Actor FullName="Adolf Gally" MainCharacter="Plays main character in 'Uncle Vanya'." />
    </Actors>
  </Play>
  <Play Title="What the Butler Saw" Duration="02:25:00" Rating="5.2" Genre="Comedy">
    <Actors>
      <Actor FullName="Torin Rylett" MainCharacter="Plays main character in 'What the Butler Saw'." />
      <Actor FullName="Maddalena Masterson" MainCharacter="Plays main character in 'What the Butler Saw'." />
    </Actors>
  </Play>
  <Play Title="Woyzeck" Duration="01:30:00" Rating="3.4" Genre="Drama">
    <Actors>
      <Actor FullName="Zacherie Rainforth" MainCharacter="Plays main character in 'Woyzeck'." />
      <Actor FullName="Webster Filson" MainCharacter="Plays main character in 'Woyzeck'." />
      <Actor FullName="Munroe Bringloe" MainCharacter="Plays main character in 'Woyzeck'." />
      <Actor FullName="Monro Cord" MainCharacter="Plays main character in 'Woyzeck'." />
      <Actor FullName="Madella Van Son" MainCharacter="Plays main character in 'Woyzeck'." />
      <Actor FullName="Lorraine Thorwarth" MainCharacter="Plays main character in 'Woyzeck'." />
      <Actor FullName="Elwyn Callister" MainCharacter="Plays main character in 'Woyzeck'." />
    </Actors>
  </Play>
</Plays>